date,symbol,pred,fwd
2021-12-31,ADI,0.0287904351308435,-0.05916823121124204
2021-12-31,AMAT,0.025407058109426922,-0.11915353329944078
2021-12-31,AMD,0.04689784830268555,-0.18846421125781798
2021-12-31,ANET,0.05605400849678693,-0.13530434782608702
2021-12-31,ASML,0.01442885704731526,-0.1440198959981912
2021-12-31,AVGO,0.03109676873806758,-0.10924091913256473
2021-12-31,CIEN,0.03741111548638003,-0.1407041704560218
2021-12-31,COHR,0.023937966232907948,-0.06834479730718579
2021-12-31,DELL,0.03081975505368355,0.04272743457361572
2021-12-31,INTC,0.036299537388177316,-0.04951456310679603
2021-12-31,KLAC,0.04582681754976313,-0.0978354374462348
2021-12-31,LITE,0.027167543641013314,-0.050959629384513594
2021-12-31,LRCX,0.04132180674787043,-0.18032399360355966
2021-12-31,MCHP,0.04639031111632385,-0.1007351252010108
2021-12-31,MRVL,0.01295678406073756,-0.17224825694365065
2021-12-31,MU,0.043195960205802485,-0.12560386473429952
2021-12-31,NVDA,0.05928348629925183,-0.16228621944170551
2021-12-31,NXPI,0.041003164888781696,-0.08596013697427352
2021-12-31,QCOM,0.08030374945570788,-0.03138841800185932
2021-12-31,SMCI,0.04198519526087509,-0.05119453924914685
2021-12-31,TSM,0.030411914932755524,0.02277449921037311
2021-12-31,TXN,0.034635886397681774,-0.03809624873985251
2021-12-31,VRT,0.037543951134702346,-0.15458550260312376
2022-01-31,ADI,0.059105088106623516,-0.025309507836799416
2022-01-31,AMAT,0.02783079313002577,-0.036184686640613695
2022-01-31,AMD,0.062142536849007154,0.035273522975930005
2022-01-31,ANET,-0.04662264235306328,-0.010216394497626902
2022-01-31,ASML,0.11942066714002424,-0.032235676314235184
2022-01-31,AVGO,-0.020685432655118054,-0.00017068341639925322
2022-01-31,CIEN,0.007685986873546415,0.05836223797315654
2022-01-31,COHR,0.038908697479691896,0.11624605678233424
2022-01-31,DELL,-0.012941142453782667,-0.056504136595669774
2022-01-31,INTC,0.039322738315354204,0.001024170421958237
2022-01-31,KLAC,-0.004020762089689642,-0.1109769568679837
2022-01-31,LITE,0.030329460650689616,-0.0019708316909736734
2022-01-31,LRCX,0.04266873507528424,-0.06085570924871164
2022-01-31,MCHP,0.04636456631303022,-0.09989674754775435
2022-01-31,MRVL,-0.01318758635079538,-0.052240896358543454
2022-01-31,MU,0.038775415089794,0.13407074267655283
2022-01-31,NVDA,0.006055631160228232,-0.010863350485992074
2022-01-31,NXPI,0.07631389549412793,-0.0831873052959502
2022-01-31,QCOM,-0.03251176285950705,-0.03703914428766497
2022-01-31,SMCI,0.003024031497967195,0.04072063178677188
2022-01-31,TSM,-0.020396719928996263,-0.10617304085460322
2022-01-31,TXN,0.040579664919727955,-0.05231489219455132
2022-01-31,VRT,0.15056997140633638,-0.4247363374880153
2022-02-28,ADI,0.010154984047020667,0.06170066754008374
2022-02-28,AMAT,0.008776993037736582,0.05394932935916552
2022-02-28,AMD,0.05217683699671781,-0.0008918436841252042
2022-02-28,ANET,-0.009505853085959467,0.14723376517558884
2022-02-28,ASML,0.024748469848487494,0.06396003060719258
2022-02-28,AVGO,0.01330584735197127,0.09197535067411144
2022-02-28,CIEN,0.011957029417891838,-0.09529377375036541
2022-02-28,COHR,0.030144410109947083,0.07227181111431058
2022-02-28,DELL,0.007827223284042822,0.07986656200941922
2022-02-28,INTC,0.017508041507018325,0.09538784067085948
2022-02-28,KLAC,0.0017902945694085563,0.10281205164992824
2022-02-28,LITE,0.024162745954588387,0.008800323690066891
2022-02-28,LRCX,0.009897542429137193,0.013503162020130022
2022-02-28,MCHP,-0.003039377294968528,0.13436655765676098
2022-02-28,MRVL,-0.017742084471963706,0.11459095565637356
2022-02-28,MU,0.024524143977658373,-0.07663740715732614
2022-02-28,NVDA,0.028744547191515986,0.1751486569612466
2022-02-28,NXPI,0.0005383343684882119,0.024300441826214936
2022-02-28,QCOM,0.005740643542984338,-0.0634920634920636
2022-02-28,SMCI,-0.00120970859747032,0.08119114278442341
2022-02-28,TSM,0.005850051620753301,0.020932623119334526
2022-02-28,TXN,0.019815838913126438,0.12365433260780034
2022-02-28,VRT,0.07296151325668225,0.04761904761904767
2022-03-31,ADI,0.010296010635290738,-0.04255963191669698
2022-03-31,AMAT,0.007036496228797642,-0.1428679817905919
2022-03-31,AMD,0.008434607874746522,-0.17834278397658676
2022-03-31,ANET,0.017108530919628658,-0.1490861994531586
2022-03-31,ASML,-0.0070409928314047856,-0.1449852529456679
2022-03-31,AVGO,0.024452911084514025,-0.08469381273027565
2022-03-31,CIEN,0.015823034389172153,-0.06861289790532743
2022-03-31,COHR,0.01772855797563883,-0.1480204166091874
2022-03-31,DELL,0.014613454941925397,-0.05359633393106189
2022-03-31,INTC,0.003971030840219174,-0.09281678773204194
2022-03-31,KLAC,0.0012370810292411322,-0.107687264382888
2022-03-31,LITE,0.013419787080357914,-0.14877049180327861
2022-03-31,LRCX,-0.005058056759203911,-0.10842432246423983
2022-03-31,MCHP,0.00783964319350444,-0.09688581314878897
2022-03-31,MRVL,-0.004604993719322524,-0.1623204573978524
2022-03-31,MU,0.018805698768718446,-0.09359352933624354
2022-03-31,NVDA,-0.006900260724488087,-0.284138385985487
2022-03-31,NXPI,0.01060949138765179,-0.04365679706073056
2022-03-31,QCOM,0.023053133193063183,-0.049404528203114695
2022-03-31,SMCI,0.04133506655969203,0.11373785132650394
2022-03-31,TSM,0.01184359038044935,-0.10070976405140997
2022-03-31,TXN,0.013466721871850638,-0.05166775670372792
2022-03-31,VRT,-0.07336900160328168,-0.09928571428571431
2022-04-29,ADI,0.003500826258075223,0.09081487239279706
2022-04-29,AMAT,0.005607030317063854,0.06289080199365671
2022-04-29,AMD,0.013137210233845804,0.19106641721234796
2022-04-29,ANET,0.013191268204000886,-0.11499524097949287
2022-04-29,ASML,0.011635975584213164,0.022207637866505703
2022-04-29,AVGO,0.007335841971990198,0.046429408899871794
2022-04-29,CIEN,-0.0022523632281626176,-0.07884719956498099
2022-04-29,COHR,0.0044406749098867436,0.02107498774710015
2022-04-29,DELL,-0.005545759390459882,0.06232716443309938
2022-04-29,INTC,0.007593757807849331,0.01904106446432663
2022-04-29,KLAC,-0.0016075814531861423,0.1427989726241934
2022-04-29,LITE,0.014238053100915311,0.059967984238394445
2022-04-29,LRCX,-0.004955355547768322,0.11651923737547243
2022-04-29,MCHP,0.00044637362289457133,0.11426380368098155
2022-04-29,MRVL,0.005609457066762972,0.018422865013774103
2022-04-29,MU,-0.0031643982151464047,0.08285672385980347
2022-04-29,NVDA,0.03083862984588866,0.006739634442227915
2022-04-29,NXPI,-0.003197864617168083,0.11035693387946166
2022-04-29,QCOM,-0.014105646710967475,0.025270241248478875
2022-04-29,SMCI,-0.043603794821427934,0.1890736342042756
2022-04-29,TSM,0.00613439012670404,0.02550306682449155
2022-04-29,TXN,0.0060516093598409065,0.03823788546255491
2022-04-29,VRT,-0.01721194714221024,-0.12290502793296088
2022-05-31,ADI,0.004392067749020442,-0.13248218527315914
2022-05-31,AMAT,-0.011541583467957894,-0.22431579844829053
2022-05-31,AMD,-0.03674511019328405,-0.24926369526801495
2022-05-31,ANET,0.020589098715950365,-0.08349628470864301
2022-05-31,ASML,-0.010770008872522786,-0.17423519408631072
2022-05-31,AVGO,0.013952178639134498,-0.16258424835812657
2022-05-31,CIEN,0.028977835754112093,-0.10074773711137341
2022-05-31,COHR,-0.00318269633839849,-0.18479999999999996
2022-05-31,DELL,-0.0073556723088409135,-0.07468962755306363
2022-05-31,INTC,0.010020132503295656,-0.15781179648806853
2022-05-31,KLAC,-0.019249192226421203,-0.12544881458133472
2022-05-31,LITE,0.002035379901483969,-0.07736988847583637
2022-05-31,LRCX,-0.01413213228592151,-0.18052804645885812
2022-05-31,MCHP,-0.012426507559067853,-0.20055058499655898
2022-05-31,MRVL,-0.012896878943579566,-0.26407438715131015
2022-05-31,MU,-0.0007174265506246728,-0.2513542795232936
2022-05-31,NVDA,-0.020220388843648893,-0.18814267352185088
2022-05-31,NXPI,-0.00436472844051788,-0.21990935919055643
2022-05-31,QCOM,0.00888261378714219,-0.10808546292417265
2022-05-31,SMCI,-0.036554003104576085,-0.19396723931282467
2022-05-31,TSM,0.0036592418221945,-0.14218258132214057
2022-05-31,TXN,0.009623475664789698,-0.1307422493776872
2022-05-31,VRT,0.008522515965738603,-0.25204731574158323
2022-06-30,ADI,-0.008782750200114972,0.1736600725580122
2022-06-30,AMAT,0.0012060396374563393,0.16948779951637727
2022-06-30,AMD,0.010310974436746365,0.26559435072577475
2022-06-30,ANET,-0.04038757610907979,0.25464049498613184
2022-06-30,ASML,-0.013198943281427882,0.21490711944187613
2022-06-30,AVGO,0.0008205468813157471,0.10407360902410412
2022-06-30,CIEN,-0.025036979181826506,0.1321663019693653
2022-06-30,COHR,-0.0030468179874598607,0.038665358194308164
2022-06-30,DELL,-0.009911989502127058,-0.017095866695520434
2022-06-30,INTC,-0.005756956917927887,-0.012028869286286992
2022-06-30,KLAC,-0.016796800910133546,0.20859972420709538
2022-06-30,LITE,-0.0193923204030671,0.14152606396373701
2022-06-30,LRCX,-0.00556368471453748,0.17986624428018305
2022-06-30,MCHP,0.0009275974624152255,0.19077134986225897
2022-06-30,MRVL,0.004235120462375736,0.2710774178727313
2022-06-30,MU,0.01240985011017522,0.13133140376266272
2022-06-30,NVDA,-0.02566737380984424,0.2165050465070255
2022-06-30,NXPI,0.007485287424066337,0.24636897926096069
2022-06-30,QCOM,-0.016922822415881996,0.1541412243619853
2022-06-30,SMCI,4.5092054457344065e-05,0.36902106567534076
2022-06-30,TSM,-0.0030390547006647938,0.055779816513761515
2022-06-30,TXN,-0.004941600594417005,0.1636836967133095
2022-06-30,VRT,-0.01346443385759219,0.3929440389294403
2022-07-29,ADI,0.003866703369595931,-0.09752267969295192
2022-07-29,AMAT,-0.018118865250215443,-0.08907341007737302
2022-07-29,AMD,-0.035732589472930565,-0.06330051868317987
2022-07-29,ANET,-0.01401493194244064,0.04244191031467026
2022-07-29,ASML,-0.023871085773830993,-0.12979597521064
2022-07-29,AVGO,0.0032847415466472716,-0.03977739598117591
2022-07-29,CIEN,0.001972451296281841,0.0011627906976743319
2022-07-29,COHR,0.00043176742950880136,-0.04483282674772038
2022-07-29,DELL,0.019772167347854044,-0.0992010652463382
2022-07-29,INTC,0.010840166828741829,-0.09281189754888475
2022-07-29,KLAC,-0.01813348165475947,-0.07863586588100324
2022-07-29,LITE,0.008036468654859076,-0.05228830422286079
2022-07-29,LRCX,-0.022028797228353242,-0.1118259375437054
2022-07-29,MCHP,-0.009057594897687222,-0.0602672088295092
2022-07-29,MRVL,-0.03979187553217341,-0.12015086206896552
2022-07-29,MU,-0.008579431104830464,-0.07840284513417395
2022-07-29,NVDA,-0.028269784001376537,-0.13004459615702257
2022-07-29,NXPI,-0.017994221875594046,-0.09788992821405262
2022-07-29,QCOM,-0.003143377178966884,-0.05501171928857018
2022-07-29,SMCI,-0.05408664832111105,0.28235511942232927
2022-07-29,TSM,0.003923754573062209,-0.0636301989150091
2022-07-29,TXN,0.0028329775873665256,-0.06121079993291956
2022-07-29,VRT,-0.06475864343282879,0.04028021015761829
2022-08-31,ADI,0.012234178097933264,-0.0804461162806045
2022-08-31,AMAT,0.002404062097461095,-0.12905283299670445
2022-08-31,AMD,0.002651573559432959,-0.2534464475079534
2022-08-31,ANET,-0.008350359243202377,-0.05830830830830824
2022-08-31,ASML,0.01651430682497184,-0.15224313181205862
2022-08-31,AVGO,-0.0050182892975666445,-0.11039650578028892
2022-08-31,CIEN,-0.012203236670749403,-0.2031927473393772
2022-08-31,COHR,-0.012071665521720959,-0.2621215329239889
2022-08-31,DELL,-0.0058301658760499695,-0.10759989553408189
2022-08-31,INTC,0.0037840142035723513,-0.19266917293233088
2022-08-31,KLAC,0.006644077304960285,-0.12059396158428493
2022-08-31,LITE,0.0004342404413194671,-0.17929383602633164
2022-08-31,LRCX,0.012441752860615853,-0.16421182434746862
2022-08-31,MCHP,0.0027249550909836827,-0.06467432950191565
2022-08-31,MRVL,0.010412069226460346,-0.08351131994873995
2022-08-31,MU,-0.0010447852882177454,-0.113744914204847
2022-08-31,NVDA,0.018691797613467873,-0.19577315489598512
2022-08-31,NXPI,0.0020288955867206453,-0.10371855632519156
2022-08-31,QCOM,0.007211755947260802,-0.14583805851667053
2022-08-31,SMCI,-0.06398664934679327,-0.15381069452980956
2022-08-31,TSM,-0.012137159034491446,-0.17744451109778037
2022-08-31,TXN,0.005450904635655973,-0.06313177168452277
2022-08-31,VRT,-0.016378578679305533,-0.15698178664353846
2022-09-30,ADI,-0.0238831876093472,0.02353954356250898
2022-09-30,AMAT,-0.019854088398679793,0.07762724276821675
2022-09-30,AMD,0.016177424519161304,-0.05208333333333326
2022-09-30,ANET,-0.02815603941804461,0.07059969882186201
2022-09-30,ASML,-0.018220220497966205,0.13740219092331762
2022-09-30,AVGO,-0.017291864593011054,0.05880498186977756
2022-09-30,CIEN,-0.020730826928034615,0.18476378926539705
2022-09-30,COHR,0.011439802035681217,-0.03558106169296993
2022-09-30,DELL,-0.02599615931989821,0.12379280070237031
2022-09-30,INTC,-0.001678570626632573,0.10322079937912298
2022-09-30,KLAC,-0.014551952293159216,0.04566632521560976
2022-09-30,LITE,-0.0048149806934570695,0.08575178649555215
2022-09-30,LRCX,-0.00424286036092196,0.10595628415300551
2022-09-30,MCHP,-0.02575146155428972,0.011633622808454813
2022-09-30,MRVL,-0.03312025734912599,-0.07527382894430201
2022-09-30,MU,-0.012562459612654852,0.07984031936127733
2022-09-30,NVDA,-0.02591460332521578,0.11187082955762429
2022-09-30,NXPI,-0.01682061274908853,-0.009694258016405555
2022-09-30,QCOM,-0.012091138951497465,0.04142326075411562
2022-09-30,SMCI,0.01518839665707979,0.26366442709279125
2022-09-30,TSM,0.0003351972740662894,-0.10224620770128356
2022-09-30,TXN,-0.02376372757677779,0.037795580824395936
2022-09-30,VRT,0.003450249409435068,0.4722222222222221
2022-10-31,ADI,-0.016493820005699166,0.20537091572009536
2022-10-31,AMAT,-0.035808925207390596,0.24136368784686812
2022-10-31,AMD,-0.027819631601657117,0.29254079254079235
2022-10-31,ANET,-0.019134929536328386,0.15257322521926198
2022-10-31,ASML,-0.04397253122039196,0.28724440116845185
2022-10-31,AVGO,-0.02755347692801741,0.17210499446949723
2022-10-31,CIEN,-0.051772566231576084,-0.061377870563674275
2022-10-31,COHR,-0.040107063743076855,0.09104433204403461
2022-10-31,DELL,-0.04076017805849043,0.1664062500000001
2022-10-31,INTC,-0.042359279309947234,0.057685543440028075
2022-10-31,KLAC,-0.02650093858431081,0.2423763627745299
2022-10-31,LITE,-0.03517045149766428,-0.2620550705171256
2022-10-31,LRCX,-0.043400521842699574,0.16700429863135535
2022-10-31,MCHP,-0.012294821404518066,0.2826368642695172
2022-10-31,MRVL,-0.013181992612754746,0.1723790322580645
2022-10-31,MU,-0.026581729146093434,0.06561922365988915
2022-10-31,NVDA,-0.051976770457854905,0.2538341853745276
2022-10-31,NXPI,-0.017284366488005916,0.20372398685651683
2022-10-31,QCOM,-0.025606061855601304,0.07504674485806562
2022-10-31,SMCI,-0.045563008919911885,0.2965943382669922
2022-10-31,TSM,-0.010476506007149708,0.3481722177091797
2022-10-31,TXN,-0.01543951120540555,0.12345141007283833
2022-10-31,VRT,-0.0524430429328018,-0.03214535290006992
2022-11-30,ADI,-0.0317407792047468,-0.0458379384561689
2022-11-30,AMAT,-0.025611058150069324,-0.11149635036496353
2022-11-30,AMD,-0.054189239467751595,-0.16565760659538842
2022-11-30,ANET,-0.011540268750537385,-0.12885857860732242
2022-11-30,ASML,-0.026462391374005655,-0.1014931263566402
2022-11-30,AVGO,-0.03602370567509296,0.014699744115565405
2022-11-30,CIEN,-0.00010029918685429753,0.13389679715302472
2022-11-30,COHR,-0.02225081820877937,-0.042814289610035416
2022-11-30,DELL,-0.034746565329890955,-0.10203170350524671
2022-11-30,INTC,-0.03220869121873898,-0.12105088127702035
2022-11-30,KLAC,-0.03176981164418485,-0.04100216202467244
2022-11-30,LITE,0.00800506250638907,-0.050418638514743264
2022-11-30,LRCX,-0.016938059235702248,-0.11025022227867387
2022-11-30,MCHP,-0.026304107461080688,-0.112893042050764
2022-11-30,MRVL,-0.026941854378142577,-0.20378331900257962
2022-11-30,MU,-0.01590377058403147,-0.1330442324371206
2022-11-30,NVDA,-0.026863780266465003,-0.13644152927967845
2022-11-30,NXPI,-0.027353047891707404,-0.10128525932666066
2022-11-30,QCOM,-0.019717780766026937,-0.13084038263894382
2022-11-30,SMCI,-0.0050250737030865175,-0.09010306993239503
2022-11-30,TSM,-0.05685858650528007,-0.10231381055676081
2022-11-30,TXN,-0.02346437587120731,-0.08445084783331491
2022-11-30,VRT,0.01670685715691283,-0.013718411552346543
2022-12-30,ADI,-0.038006647227610366,0.07657135889776256
2022-12-30,AMAT,-0.007079111169007378,0.22211953173136179
2022-12-30,AMD,0.0020838989137234275,0.306777829241933
2022-12-30,ANET,-0.0019760861351653773,0.0755665430572725
2022-12-30,ASML,0.004418854126822223,0.24181918008784775
2022-12-30,AVGO,-0.050466157980224344,0.07801405755369961
2022-12-30,CIEN,-0.062010107150019936,0.020596312279325346
2022-12-30,COHR,-0.03284681987344343,0.2720797720797721
2022-12-30,DELL,-0.018278605444913845,0.025111884634510195
2022-12-30,INTC,-0.03280338444694561,0.09988649262202043
2022-12-30,KLAC,-0.025750410165958165,0.08683659125268539
2022-12-30,LITE,-0.06292628926428898,0.165420739888825
2022-12-30,LRCX,-0.00401591387755397,0.2616226504877468
2022-12-30,MCHP,-0.010039533217540808,0.15530249110320282
2022-12-30,MRVL,-0.003984045762918425,0.24514038876889854
2022-12-30,MU,-0.02663607510264055,0.2525010004001602
2022-12-30,NVDA,0.02029381343282839,0.43307787053510327
2022-12-30,NXPI,-0.023439231812839745,0.22723533506296278
2022-12-30,QCOM,-0.02584264703194332,0.2594142259414227
2022-12-30,SMCI,0.04198781854776726,-0.02874543239951277
2022-12-30,TSM,-0.029556624915048665,0.27184857027788967
2022-12-30,TXN,-0.03784078449704552,0.10216680789250687
2022-12-30,VRT,0.0024056638922405026,0.076134699853587
2023-01-31,ADI,-0.006519860515408939,0.07651484224645722
2023-01-31,AMAT,-0.0056645620730766955,0.06242712350883495
2023-01-31,AMD,-0.015916091229749248,0.07039254823685948
2023-01-31,ANET,0.002505316979081372,0.08379622282177435
2023-01-31,ASML,-0.0046016724902613205,-0.05548998244658321
2023-01-31,AVGO,0.0020425541776904737,0.02331584075485904
2023-01-31,CIEN,-0.01590972774630217,-0.061707035755478645
2023-01-31,COHR,-0.03669218458191396,-0.011751152073732674
2023-01-31,DELL,0.0007401389158143961,-0.01107828655834553
2023-01-31,INTC,-0.017146130931174168,-0.07289455060155703
2023-01-31,KLAC,0.02364079843324062,-0.036103750509580146
2023-01-31,LITE,-0.06696344227332285,-0.11631771352608844
2023-01-31,LRCX,-0.022164238127652103,-0.02023595280943813
2023-01-31,MCHP,-0.002371948603664027,0.044189641844885275
2023-01-31,MRVL,-0.019172153811156983,0.07137891077636138
2023-01-31,MU,-0.027812870190536673,-0.06417910447761188
2023-01-31,NVDA,-0.013030860880814158,0.1933254849772228
2023-01-31,NXPI,-0.024293910220312215,-0.01996636102219096
2023-01-31,QCOM,-0.03697891681955138,-0.07079048119510556
2023-01-31,SMCI,0.08115925190038098,0.3600165906262962
2023-01-31,TSM,-0.016036823106621377,-0.03990078723174817
2023-01-31,TXN,-0.017403882324649313,-0.017662660120760676
2023-01-31,VRT,0.01168145210445016,0.11322081575246123
2023-02-28,ADI,-0.010101507602608127,0.031067749495830244
2023-02-28,AMAT,0.0015140343791874753,0.03185535944898832
2023-02-28,AMD,0.007814162481776207,0.22283023670145075
2023-02-28,ANET,-0.0494478861086808,0.17159336697909167
2023-02-28,ASML,0.025341202496320728,0.06700338335518752
2023-02-28,AVGO,-0.011866185082624927,0.052516448198690835
2023-02-28,CIEN,0.019706043869924417,0.06428867689755302
2023-02-28,COHR,0.033874278648500046,-0.15093902156271743
2023-02-28,DELL,-0.030664033376548435,-0.03740157480314965
2023-02-28,INTC,0.013658045309896233,0.264340152426795
2023-02-28,KLAC,0.008427245836948328,0.015209025251726516
2023-02-28,LITE,0.022956479964511924,-0.029176732949265927
2023-02-28,LRCX,0.011556200863274491,0.061192156539988884
2023-02-28,MCHP,-0.017113546405910247,-0.0019745773170429803
2023-02-28,MRVL,-0.013368942454176863,-0.05426356589147274
2023-02-28,MU,0.01789256137812025,0.09892770667589068
2023-02-28,NVDA,0.03131676400942732,0.162301860785665
2023-02-28,NXPI,0.005103555901836575,0.0029134917077544564
2023-02-28,QCOM,0.010790863572272972,0.01262851129280329
2023-02-28,SMCI,-0.043340915055422397,0.07839134428906802
2023-02-28,TSM,0.03287775151527206,0.06534971861720473
2023-02-28,TXN,-0.01847233299666735,0.055934674832312625
2023-02-28,VRT,0.0009938684328834788,-0.15630769230769226
2023-03-31,ADI,-0.02336656558138118,-0.06875570428962585
2023-03-31,AMAT,-0.00118439196723648,-0.0868680289831475
2023-03-31,AMD,-0.008479353773905785,-0.08264462809917361
2023-03-31,ANET,-0.030935827228861953,-0.19587751697843458
2023-03-31,ASML,0.004990170281331219,-0.06854607689030578
2023-03-31,AVGO,-0.026040437362902926,-0.04551547838014769
2023-03-31,CIEN,-0.023406001375992063,-0.1488956587966489
2023-03-31,COHR,0.08793117449417957,-0.13209033613445387
2023-03-31,DELL,0.0011180090941483199,0.11315593136035806
2023-03-31,INTC,-0.03639344487687572,-0.08876645240281611
2023-03-31,KLAC,0.0031224283948475587,-0.05190770849512749
2023-03-31,LITE,-0.008142676098892354,-0.12627291242362526
2023-03-31,LRCX,0.007772595210980368,-0.015543650494227679
2023-03-31,MCHP,0.006382384309699816,-0.09142993554547618
2023-03-31,MRVL,0.05586753269676022,-0.08799076212471124
2023-03-31,MU,-0.0035897155625627614,0.02585349685117655
2023-03-31,NVDA,0.030390096299949047,0.015588436476221323
2023-03-31,NXPI,0.007795689132022013,-0.08022738242076477
2023-03-31,QCOM,-0.004504924782654404,-0.08990437372628934
2023-03-31,SMCI,0.05727503681693525,-0.019896762083528863
2023-03-31,TSM,-0.002761663751183048,-0.10814878520748228
2023-03-31,TXN,-0.041516388911577704,-0.11864953497123809
2023-03-31,VRT,0.0907897797929178,0.04262753319357082
2023-04-28,ADI,0.011628946817378461,-0.013620191238603474
2023-04-28,AMAT,0.016704382491591015,0.20826329293108015
2023-04-28,AMD,0.038817793342870166,0.40170079445003903
2023-04-28,ANET,-0.0004271257299069114,0.08903596403596392
2023-04-28,ASML,0.01727524987369744,0.14351662845837376
2023-04-28,AVGO,-0.01707838103379839,0.2822665602553871
2023-04-28,CIEN,0.0030600069147547673,0.04192006950477856
2023-04-28,COHR,0.05181960584667172,0.12741652021089633
2023-04-28,DELL,-0.045501436459327554,0.08806622212002746
2023-04-28,INTC,-0.017773448297012835,-0.034449452672247305
2023-04-28,KLAC,0.007689118264493112,0.1867594556837584
2023-04-28,LITE,0.005902694140123637,0.1369948186528498
2023-04-28,LRCX,0.0032856030339432378,0.20203022439322238
2023-04-28,MCHP,0.030461701338691166,0.052883956706398116
2023-04-28,MRVL,0.030693312433370104,0.6058763931104358
2023-04-28,MU,-0.013985565085565347,0.11389061528899935
2023-04-28,NVDA,0.02355920501327205,0.44549353129842517
2023-04-28,NXPI,0.018357088189213333,0.11194576768046893
2023-04-28,QCOM,0.0034319390789743862,-0.006849315068493178
2023-04-28,SMCI,0.043418847190969216,1.2204306174713082
2023-04-28,TSM,0.030723195633102475,0.20972716488730736
2023-04-28,TXN,-0.004306531261953362,0.05592105263157898
2023-04-28,VRT,0.008777300847586043,0.34986595174262747
2023-05-31,ADI,0.016837937314665735,0.09634757161348428
2023-05-31,AMAT,-0.0140916265776216,0.08432108027006735
2023-05-31,AMD,0.05851226122755111,-0.03637594112173248
2023-05-31,ANET,0.013194900718082091,-0.025730431646026175
2023-05-31,ASML,-0.019343567415748456,0.002517532817838619
2023-05-31,AVGO,-0.0036720373279538893,0.07360512896678029
2023-05-31,CIEN,0.01151682473449818,-0.09092854086435598
2023-05-31,COHR,0.04275476371424705,0.3793290043290043
2023-05-31,DELL,0.008134598404030663,0.20754295916090149
2023-05-31,INTC,0.007731303344461857,0.0636132315521627
2023-05-31,KLAC,-0.009993083659862852,0.09487798821643834
2023-05-31,LITE,-0.006185875417537571,0.07240075614366726
2023-05-31,LRCX,-0.0022730456222090564,0.04241932868493592
2023-05-31,MCHP,0.015277095661541996,0.19040659048631414
2023-05-31,MRVL,0.08955037939002936,0.022055052145665943
2023-05-31,MU,0.028234132247912734,-0.07463343108504406
2023-05-31,NVDA,0.09749336508441307,0.11809483533329801
2023-05-31,NXPI,-0.013819007289105747,0.1428252372975991
2023-05-31,QCOM,0.021621054167694047,0.04964288863415933
2023-05-31,SMCI,0.08957628715741654,0.11297164545657523
2023-05-31,TSM,0.0017667310423934157,0.02363322852216254
2023-05-31,TXN,-0.02024757022550644,0.035311709224752796
2023-05-31,VRT,0.01579581105292803,0.2834196891191709
2023-06-30,ADI,-0.02420482154474058,0.02397207535547441
2023-06-30,AMAT,0.0056484975370086135,0.055970665559706756
2023-06-30,AMD,0.11478145565030612,0.03239399525941522
2023-06-30,ANET,0.06119596732583979,0.14531654942613859
2023-06-30,ASML,-0.007076885891821004,-0.02213176957571572
2023-06-30,AVGO,0.026625989901639092,0.06060431389276366
2023-06-30,CIEN,0.08000796976089793,-0.012238173687926679
2023-06-30,COHR,0.12181282761044815,-0.07924676343664183
2023-06-30,DELL,-0.012838822606849508,-0.013675845499907635
2023-06-30,INTC,0.04118010076804053,0.07057416267942584
2023-06-30,KLAC,-0.010740114086009563,0.06032740917900292
2023-06-30,LITE,0.04682001179648182,-0.09324872201656975
2023-06-30,LRCX,0.01408815912690297,0.11361727281212097
2023-06-30,MCHP,-0.0059347691299422925,0.0419689697510881
2023-06-30,MRVL,0.07979372697635606,0.10287721646035464
2023-06-30,MU,0.04786510847416278,0.12121692283314855
2023-06-30,NVDA,0.09777848070747193,0.0994042834854143
2023-06-30,NXPI,-0.0015363830270568868,0.09185069376587829
2023-06-30,QCOM,-0.001954149433667146,0.10954301075268824
2023-06-30,SMCI,0.17135528488255433,0.3543029087261784
2023-06-30,TSM,0.013408980700962126,-0.024970273483947647
2023-06-30,TXN,-0.022609983305720532,-0.009165648261304282
2023-06-30,VRT,0.02714771630475353,0.07105369398465888
2023-07-31,ADI,1.0523637450611523e-05,-0.08504986718789154
2023-07-31,AMAT,0.03524818061375374,-0.01062075334784629
2023-07-31,AMD,0.040179797063431506,-0.07412587412587412
2023-07-31,ANET,0.06542879180926355,0.19575730221161902
2023-07-31,ASML,0.04830078638864495,-0.06825700367108223
2023-07-31,AVGO,-0.00042060570531166075,-0.009703444054971366
2023-07-31,CIEN,0.004722696089016064,0.014928909952606428
2023-07-31,COHR,0.11493170605398319,-0.22170608108108103
2023-07-31,DELL,0.0011708941954519693,0.06764928193499609
2023-07-31,INTC,0.03923279392974461,-0.04081632653061229
2023-07-31,KLAC,0.05180616948043189,-0.03126763303823343
2023-07-31,LITE,0.04695511486015711,0.01165011459129106
2023-07-31,LRCX,0.0546083474226086,-0.047098776600926984
2023-07-31,MCHP,0.014519744346975231,-0.1274217585692995
2023-07-31,MRVL,0.01861517977291336,-0.13833870720098262
2023-07-31,MU,-0.013590030236336106,-0.06597562683849267
2023-07-31,NVDA,0.04786199206322424,0.043976973613815806
2023-07-31,NXPI,-0.001936436590102425,-0.07991748138846533
2023-07-31,QCOM,-0.02711673995568458,-0.13913898766739796
2023-07-31,SMCI,0.11075764190428233,-0.2078299573076574
2023-07-31,TSM,0.01379941075793423,-0.041048915784165474
2023-07-31,TXN,-0.004402946929179835,-0.051722222222222225
2023-07-31,VRT,0.03342576674263405,0.48865820838139173
2023-08-31,ADI,0.010298648234056879,-0.03493233579051602
2023-08-31,AMAT,0.02027104194598632,-0.08673736580256608
2023-08-31,AMD,0.0651446634412407,-0.023174423004161948
2023-08-31,ANET,0.018609460170995667,-0.03800645392613833
2023-08-31,ASML,0.023000632989281605,-0.11861686827244788
2023-08-31,AVGO,0.027656931157887556,-0.09528762907822164
2023-08-31,CIEN,-0.0015965131153495155,-0.056422569027611
2023-08-31,COHR,0.1494969174710581,-0.14084507042253536
2023-08-31,DELL,0.020403568862575574,0.20376955903271687
2023-08-31,INTC,0.024366083643729497,0.009106431417188476
2023-08-31,KLAC,0.025205488040548476,-0.0821726741984975
2023-08-31,LITE,0.02419651127526955,-0.15610567153149824
2023-08-31,LRCX,0.032349498474510865,-0.10182232346241449
2023-08-31,MCHP,0.028802781490210393,-0.04239980449657865
2023-08-31,MRVL,0.06927570211676212,-0.06283261802575102
2023-08-31,MU,0.031925756409110224,-0.02830997998284246
2023-08-31,NVDA,0.06011963182815139,-0.09265525276061193
2023-08-31,NXPI,0.02791182300464462,-0.026881197744507146
2023-08-31,QCOM,0.015868321681173768,-0.02994848511307091
2023-08-31,SMCI,0.19645035220735826,0.050094517958412244
2023-08-31,TSM,0.013847972344938377,-0.06326814149834337
2023-08-31,TXN,0.0006346940742097476,-0.04825657503272651
2023-08-31,VRT,0.10243771376330249,-0.024879411018024933
2023-09-29,ADI,-0.0014489254952700648,-0.10971500371237652
2023-09-29,AMAT,0.037614340027066304,-0.05359335500180562
2023-09-29,AMD,0.05544759646873583,-0.06457887570511556
2023-09-29,ANET,0.03136831301342116,-0.04463654651226012
2023-09-29,ASML,0.04376359273446501,0.00037373016681963023
2023-09-29,AVGO,0.05091186583697738,0.012846444653133782
2023-09-29,CIEN,0.009429602510115674,-0.13118916631400757
2023-09-29,COHR,0.14681090180553635,-0.10569852941176472
2023-09-29,DELL,0.07396393357643657,-0.03584905660377358
2023-09-29,INTC,0.01674465718280925,0.003938115330520464
2023-09-29,KLAC,0.0397538130595884,0.0019186325382636316
2023-09-29,LITE,0.06128994294739151,-0.11930057547587425
2023-09-29,LRCX,0.04573129694526255,-0.06903648866410328
2023-09-29,MCHP,0.022710585939732006,-0.09468289557975662
2023-09-29,MRVL,0.05384756998158668,-0.13486052096804002
2023-09-29,MU,0.014636134761393485,-0.0288108187564311
2023-09-29,NVDA,0.06823221100649951,-0.05374836203131106
2023-09-29,NXPI,0.01853415113189248,-0.14875950380152048
2023-09-29,QCOM,0.02448036760771301,-0.029083378354042844
2023-09-29,SMCI,0.1483759483623383,-0.13711618408577075
2023-09-29,TSM,0.031078351129904973,-0.009666283084004634
2023-09-29,TXN,-0.000761050850249391,-0.11640777309603167
2023-09-29,VRT,0.1330730896124107,0.029032258064516148
2023-10-31,ADI,-0.006015306190852922,0.16557554185470025
2023-10-31,AMAT,0.010937112912684045,0.13169625991688716
2023-10-31,AMD,0.02584215863300421,0.23005076142131986
2023-10-31,ANET,0.06756505174619984,0.09652143534461244
2023-10-31,ASML,-0.002165686719220572,0.14186469831833137
2023-10-31,AVGO,0.014034648014488504,0.1002650439164694
2023-10-31,CIEN,0.00163384458968574,0.0864928909952607
2023-10-31,COHR,0.08811195594268115,0.2429054054054054
2023-10-31,DELL,0.049950008647385136,0.1339112240322824
2023-10-31,INTC,0.03770496538615399,0.22465753424657553
2023-10-31,KLAC,0.01244187107812745,0.15950606770278908
2023-10-31,LITE,0.07846558243543557,0.09155827595001265
2023-10-31,LRCX,0.01859860882715391,0.21709564448675667
2023-10-31,MCHP,0.009133563110079911,0.1704306354327394
2023-10-31,MRVL,0.050502036008611445,0.18022024565861927
2023-10-31,MU,-0.00172613111473989,0.13832809929714363
2023-10-31,NVDA,0.03659632788276866,0.14688572829818547
2023-10-31,NXPI,0.037090152323027814,0.183552746041872
2023-10-31,QCOM,-0.003924237808605215,0.1840535828975136
2023-10-31,SMCI,0.13717399867489993,0.14198020628888797
2023-10-31,TSM,-0.009632881002781084,0.12744757270304707
2023-10-31,TXN,-0.0039933760567838,0.07534680656291814
2023-10-31,VRT,0.1250025688259921,0.11179017061369989
2023-11-30,ADI,0.012299194069157873,0.055622205256843804
2023-11-30,AMAT,0.03717171517900386,0.030644945920683675
2023-11-30,AMD,0.038630311798106914,0.1437768240343349
2023-11-30,ANET,0.06376524581467019,0.053934732146921016
2023-11-30,ASML,0.019399375158446825,0.0484965484965485
2023-11-30,AVGO,0.019213825662228578,0.1724584922169532
2023-11-30,CIEN,0.03971626023125435,-0.015485278080697995
2023-11-30,COHR,0.03940291842393369,0.14487632508833914
2023-11-30,DELL,0.03345912198913442,-0.014234875444839812
2023-11-30,INTC,0.06696001980539613,0.06935123042505587
2023-11-30,KLAC,0.03389972584186543,0.02895596929969524
2023-11-30,LITE,0.09293221700258278,0.21588785046728987
2023-11-30,LRCX,0.03498569370696352,0.046625321264945674
2023-11-30,MCHP,0.024589819810859375,0.03739213806327912
2023-11-30,MRVL,0.03714822720825281,0.043782522878162755
2023-11-30,MU,0.019406384982377543,0.0817130846032581
2023-11-30,NVDA,0.037852592102552804,0.029890955740859537
2023-11-30,NXPI,0.035447333637343474,0.08379067032536258
2023-11-30,QCOM,0.0163162199785298,0.0866330879504067
2023-11-30,SMCI,0.07931017286292079,0.04380736461037782
2023-11-30,TSM,0.0038405670515964316,0.04336656047682652
2023-11-30,TXN,0.010735874542135378,0.10837535197433024
2023-11-30,VRT,0.08950770776672456,0.04535043518094373
2023-12-29,ADI,0.03167207064524924,-0.03122481869460103
2023-12-29,AMAT,0.03982704091405018,0.01375948664157467
2023-12-29,AMD,0.07233907204449913,0.1375754697781697
2023-12-29,ANET,0.05523694384307768,0.09838223430002979
2023-12-29,ASML,0.00835055976455535,0.14915711039475776
2023-12-29,AVGO,0.031620783709296454,0.05711086226203799
2023-12-29,CIEN,0.042316307901210964,0.17751610753165958
2023-12-29,COHR,0.015219339278226735,0.0921203767516654
2023-12-29,DELL,0.05545190452322487,0.08339869281045753
2023-12-29,INTC,0.07675394304677258,-0.14268656716417916
2023-12-29,KLAC,0.034946700792656354,0.02191639428866332
2023-12-29,LITE,0.04846580287333056,0.04807325448302158
2023-12-29,LRCX,0.0496930221917401,0.053507136838342406
2023-12-29,MCHP,0.028950683683914256,-0.055444666223109285
2023-12-29,MRVL,0.05052163892303229,0.1225335765213067
2023-12-29,MU,0.054963902996005405,0.004804312163112279
2023-12-29,NVDA,0.03856277925968505,0.24241751140907053
2023-12-29,NXPI,0.04542048476332888,-0.08320271682340652
2023-12-29,QCOM,0.0225263048392252,0.026827075987001292
2023-12-29,SMCI,0.08709571303176909,0.863118272004503
2023-12-29,TSM,0.0037096084496425624,0.08615384615384603
2023-12-29,TXN,0.015896493504467417,-0.06065939223278194
2023-12-29,VRT,0.09422607995074868,0.17280866125338323
2024-01-31,ADI,0.01854196731078115,0.019754626741526282
2024-01-31,AMAT,0.03351113184829154,0.2796713329275715
2024-01-31,AMD,0.06799565824117068,0.20842029936191775
2024-01-31,ANET,0.059465908521959376,0.1123395701252512
2024-01-31,ASML,0.03948740309248948,0.139247200570233
2024-01-31,AVGO,0.05158491035673148,0.1857372881355932
2024-01-31,CIEN,0.02979736049401286,0.14792452830188685
2024-01-31,COHR,0.015323810415019179,0.33508624316365165
2024-01-31,DELL,0.058605402224366165,0.5032577220077221
2024-01-31,INTC,0.06833861646087289,0.01717734447539465
2024-01-31,KLAC,0.04206543581824412,0.2079489596660158
2024-01-31,LITE,0.03023381341833216,-0.08099745176556239
2024-01-31,LRCX,0.03410347677244965,0.18948822666844412
2024-01-31,MCHP,0.02463726779391092,0.021366517961962872
2024-01-31,MRVL,0.0340648895620196,0.14638109305760705
2024-01-31,MU,0.038025169216859944,0.10962099125364433
2024-01-31,NVDA,0.04147533023036236,0.33728281892502476
2024-01-31,NXPI,0.021961395595716082,0.22291874436054515
2024-01-31,QCOM,0.0386763289842203,0.09817520705676386
2024-01-31,SMCI,0.13103898180220527,0.7097109193557525
2024-01-31,TSM,0.03765085773166407,0.18537535410764883
2024-01-31,TXN,0.024385608650087688,0.0682613040219835
2024-01-31,VRT,0.05720031365794126,0.25279602343333907
2024-02-29,ADI,0.03773345637626278,0.025023459493275002
2024-02-29,AMAT,0.054896847713311506,0.035065965678008126
2024-02-29,AMD,0.07550520988163383,-0.04773282085908692
2024-02-29,ANET,0.05354857050993828,0.08002450097283265
2024-02-29,ASML,0.04274662838186371,0.0433654169468729
2024-02-29,AVGO,0.0431395233212639,0.03827019046667024
2024-02-29,CIEN,0.04681947379016227,-0.13671463671463668
2024-02-29,COHR,0.0634049524897077,0.008742434431741719
2024-02-29,DELL,0.061090317018110254,0.2638918233678429
2024-02-29,INTC,0.02890445279293504,0.034146341463414664
2024-02-29,KLAC,0.04483756588798934,0.04188773266891399
2024-02-29,LITE,0.09625813892900825,-0.00660202186919745
2024-02-29,LRCX,0.04462185709311639,0.046405542232880403
2024-02-29,MCHP,0.038449252831617264,0.06655574043261225
2024-02-29,MRVL,0.05686224693694049,0.021490371197320668
2024-02-29,MU,0.05623175624577184,0.37181326564396855
2024-02-29,NVDA,0.06880832613224458,0.14221609869552032
2024-02-29,NXPI,0.03293661809428285,-0.013814920113722762
2024-02-29,QCOM,0.04734406046975947,0.08828189365612538
2024-02-29,SMCI,0.16126352019981469,0.1974668637140351
2024-02-29,TSM,0.041875328091164,0.09963472448900301
2024-02-29,TXN,0.028696080264067374,0.034901093647283554
2024-02-29,VRT,0.06646896526163946,0.1889973380656611
2024-03-28,ADI,0.036383987849658586,0.030891349410991475
2024-03-28,AMAT,0.037824875463346355,-0.004703486398681123
2024-03-28,AMD,0.04707123046433146,-0.11241620034350941
2024-03-28,ANET,0.05140439823268237,-0.09073039519966897
2024-03-28,ASML,0.0506820161928625,-0.06254701330283274
2024-03-28,AVGO,0.07587753780340248,0.009966727276842668
2024-03-28,CIEN,0.07803838685823355,-0.054398382204246754
2024-03-28,COHR,0.06871947098928612,-0.07885186407126354
2024-03-28,DELL,0.14917430758728245,0.11909560949960563
2024-03-28,INTC,0.06012039610866172,-0.2900158478605389
2024-03-28,KLAC,0.04256835429332692,0.02198777502612481
2024-03-28,LITE,0.035667896203680306,-0.08088701161562828
2024-03-28,LRCX,0.047869617385515546,-0.04401123954012576
2024-03-28,MCHP,0.05085770650534606,0.038680191728904356
2024-03-28,MRVL,0.08599792034103994,-0.030050790067720046
2024-03-28,MU,0.09030465889371694,-0.029943167359402834
2024-03-28,NVDA,0.06619775048950118,-0.028764000177077254
2024-03-28,NXPI,0.04483179545154488,-0.0025830407232514396
2024-03-28,QCOM,0.04657029925333194,-0.0005906674542234258
2024-03-28,SMCI,0.17253619583989238,-0.11849152995455581
2024-03-28,TSM,0.05146837983897487,0.018008085262770868
2024-03-28,TXN,0.03301267724475213,0.029160208943229238
2024-03-28,VRT,0.06754512907531104,0.16076894820619558
2024-04-30,ADI,0.05124057853188459,0.14650316534569563
2024-04-30,AMAT,0.036298627557663554,0.0900578907626477
2024-04-30,AMD,0.0707282981726369,0.05284758176537441
2024-04-30,ANET,0.060826507574719677,0.1835827876520113
2024-04-30,ASML,0.04381219589438795,0.10733893429000418
2024-04-30,AVGO,0.05434403162774573,0.04907442300445286
2024-04-30,CIEN,0.029697330281214875,0.0350421804023362
2024-04-30,COHR,0.03626795663863608,0.08347062053816567
2024-04-30,DELL,0.08842103573722318,0.36328626444159173
2024-04-30,INTC,0.05270302796662836,-0.00918936659008851
2024-04-30,KLAC,0.0539136800860881,0.11728009981285092
2024-04-30,LITE,0.060814659443776786,-0.009140767824497242
2024-04-30,LRCX,0.03673198539851047,0.0629353428517121
2024-04-30,MCHP,0.06108171267593464,0.0472928897586431
2024-04-30,MRVL,0.03813490601586011,0.1659839174632074
2024-04-30,MU,0.05902874452826424,0.1180063739376771
2024-04-30,NVDA,0.08339553865950222,0.27890558088933126
2024-04-30,NXPI,0.06374426700504017,0.05948709941840047
2024-04-30,QCOM,0.02861505562653132,0.2348507687669581
2024-04-30,SMCI,0.14135477374689592,-0.03593386120167663
2024-04-30,TSM,0.03295578390733278,0.11373234309014135
2024-04-30,TXN,0.04500208214743824,0.10917129577145457
2024-04-30,VRT,0.1287976932708734,0.0997849462365592
2024-05-31,ADI,0.06441947100484186,-0.02665358863917433
2024-05-31,AMAT,0.042225803506620155,0.11986237679003153
2024-05-31,AMD,0.04958224155581179,-0.015518274415817879
2024-05-31,ANET,0.05910626401175616,0.19942885939862265
2024-05-31,ASML,0.04356350218692942,0.09115426667360871
2024-05-31,AVGO,0.039238053735619005,0.24758571374807126
2024-05-31,CIEN,0.02390886931014969,-0.019099024288976585
2024-05-31,COHR,0.04698950785300788,0.27690150718541884
2024-05-31,DELL,0.1105805065128874,0.028016623674405272
2024-05-31,INTC,0.00878411140259762,0.007131280388978922
2024-05-31,KLAC,0.043015920978113645,0.104775321580451
2024-05-31,LITE,0.03200631799035952,0.24
2024-05-31,LRCX,0.039664701043574016,0.1505512419029642
2024-05-31,MCHP,0.03564019977783352,-0.0531728890260208
2024-05-31,MRVL,0.06034206006586352,0.040546432204621397
2024-05-31,MU,0.03696373197323451,0.06072000000000011
2024-05-31,NVDA,0.09020001856081128,0.11891492525060898
2024-05-31,NXPI,0.026352059472795855,-0.00022050716648291946
2024-05-31,QCOM,0.034956088732078686,-0.019063954913011605
2024-05-31,SMCI,0.08762600250059635,0.06712470204331367
2024-05-31,TSM,0.04800808889003649,0.16326800847457634
2024-05-31,TXN,0.026514195479581736,0.01748628275473041
2024-05-31,VRT,0.05660151114592854,-0.1026817579280106
2024-06-28,ADI,0.013110762172867663,-0.0161219661789187
2024-06-28,AMAT,0.042767005340073605,-0.16632060680537308
2024-06-28,AMD,0.05407676689800743,-0.14653843782750764
2024-06-28,ANET,0.05004118301807989,-0.11144715818306328
2024-06-28,ASML,0.061507869814094965,-0.1588786874346113
2024-06-28,AVGO,0.0603805897001606,-0.1060895778963955
2024-06-28,CIEN,0.0636383183511415,0.06849315068493156
2024-06-28,COHR,0.11012703104166294,-0.10088324592878817
2024-06-28,DELL,0.05912431012790823,-0.21245739975346234
2024-06-28,INTC,0.016486818107929124,-0.027123022279625486
2024-06-28,KLAC,0.03816649038225725,-0.07958666359413469
2024-06-28,LITE,0.07646213538945086,-0.03672427336999218
2024-06-28,LRCX,0.05980700023040272,-0.1972014837770577
2024-06-28,MCHP,0.03006522875960925,-0.05420765027322394
2024-06-28,MRVL,0.058954718624648725,-0.10157367668097295
2024-06-28,MU,0.050864396548088775,-0.2202539344636204
2024-06-28,NVDA,0.0292074437293748,-0.16035292213048402
2024-06-28,NXPI,0.026660467723653446,-0.06469954290386104
2024-06-28,QCOM,0.02148961094634726,-0.16186364092780403
2024-06-28,SMCI,0.10820282528759703,-0.18678220540672485
2024-06-28,TSM,0.048467611611593575,-0.11086818940222087
2024-06-28,TXN,0.011673152849379975,0.03320824551483059
2024-06-28,VRT,0.04479963110369446,-0.15640522120827072
2024-07-31,ADI,0.026274715818999816,-0.0021177284121358664
2024-07-31,AMAT,0.07100251650099196,-0.09057492931196987
2024-07-31,AMD,0.06472571017899333,0.0069905869324475844
2024-07-31,ANET,0.04042278386538892,0.00011542345981818691
2024-07-31,ASML,0.09407289780070843,-0.05230062987082307
2024-07-31,AVGO,0.057916651395207366,-0.023338312173263653
2024-07-31,CIEN,0.052029281785850943,0.07584376185058783
2024-07-31,COHR,0.01960072326903093,0.1153846153846152
2024-07-31,DELL,-0.013010441931588533,-0.02586206896551735
2024-07-31,INTC,0.0651106355536754,-0.345152895250488
2024-07-31,KLAC,0.07594084359896322,-0.03319280255628321
2024-07-31,LITE,0.015239338840470983,0.09173426033217469
2024-07-31,LRCX,0.06691304505609555,-0.13451435022361158
2024-07-31,MCHP,0.05200673139760127,-0.08785762559134935
2024-07-31,MRVL,0.08263205383278821,0.04269931322782927
2024-07-31,MU,0.009226301604797822,-0.12975778546712802
2024-07-31,NVDA,0.05018953739665055,0.004870962228678888
2024-07-31,NXPI,0.06963936629189525,-0.054643562851497296
2024-07-31,QCOM,0.06457212103557186,-0.06333241226858233
2024-07-31,SMCI,0.042106816597101124,-0.3603363500320672
2024-07-31,TSM,0.03586651514987606,0.02020506634499397
2024-07-31,TXN,0.017107328419685465,0.035719542711348806
2024-07-31,VRT,0.11065006223479484,0.015501905972045815
2024-08-30,ADI,0.037311285004530535,-0.04756429909725779
2024-08-30,AMAT,0.02645135026695702,-0.0003041670891209547
2024-08-30,AMD,0.03959279587989504,0.0753231017770597
2024-08-30,ANET,0.01767187275366502,0.08056483106004886
2024-08-30,ASML,0.023671104302984726,-0.09018996094571119
2024-08-30,AVGO,0.039054203895402484,0.028559145068173475
2024-08-30,CIEN,0.0445086550747786,0.06591500433651354
2024-08-30,COHR,0.045431674133080906,0.13919178960872336
2024-08-30,DELL,0.030081695852411883,-0.020598926778604865
2024-08-30,INTC,0.06339084127947063,0.02949183303085312
2024-08-30,KLAC,0.04078764906260437,-0.08022649890777733
2024-08-30,LITE,0.07919216638001607,0.067349418503732
2024-08-30,LRCX,0.026341776251509304,-0.0287816226355343
2024-08-30,MCHP,0.04039542300298764,-0.056840311587147085
2024-08-30,MRVL,0.0784308852987737,-0.07778069254984254
2024-08-30,MU,0.0071978625955894104,0.04229010806317546
2024-08-30,NVDA,0.05727037702525983,-0.019854234732344822
2024-08-30,NXPI,0.036923108056997764,-0.09416445623342184
2024-08-30,QCOM,0.016695205503493772,-0.0543069024529379
2024-08-30,SMCI,0.13452425111899297,-0.0735663696595843
2024-08-30,TSM,0.023129524161645064,0.0021549213744904705
2024-08-30,TXN,0.034374084003559575,-0.05943827563683868
2024-08-30,VRT,0.030508869130113,0.17571961941466951
2024-09-30,ADI,0.02494038972789872,0.02198375114046147
2024-09-30,AMAT,0.03840632612138893,-0.059044790893343246
2024-09-30,AMD,0.05347538946151957,0.013225255972696193
2024-09-30,ANET,0.04889740623543605,0.0462456359751966
2024-09-30,ASML,0.03658389919069763,-0.14174617461746175
2024-09-30,AVGO,0.08601866287447227,0.039072463768115906
2024-09-30,CIEN,0.02400087156608728,0.06056177950966046
2024-09-30,COHR,0.07171720591806086,0.10819930266561695
2024-09-30,DELL,0.010240139165753032,0.026067150329002864
2024-09-30,INTC,0.04839240586443426,-0.023870417732310356
2024-09-30,KLAC,0.051787723772369114,-0.10095427486731834
2024-09-30,LITE,0.054243013617879185,0.037551278005680144
2024-09-30,LRCX,0.025653898992478004,-0.040412704636800356
2024-09-30,MCHP,0.025018500652761497,-0.015444015444015524
2024-09-30,MRVL,0.04978554288203828,0.17678868552412652
2024-09-30,MU,0.10634011062493001,0.043100954584900375
2024-09-30,NVDA,0.058007346979009826,0.1631258234519104
2024-09-30,NXPI,0.02667729130231042,0.06487229698762564
2024-09-30,QCOM,0.008738845981591005,0.03498970890914421
2024-09-30,SMCI,0.06607635807985567,0.1796349663784822
2024-09-30,TSM,0.04690535223872868,0.1339897506765706
2024-09-30,TXN,0.009036478312668732,0.02313985573897459
2024-09-30,VRT,0.08940743837973028,0.14413508895366367
2024-10-31,ADI,0.04568622504927404,4.482094034319317e-05
2024-10-31,AMAT,0.049626114700002055,0.009307192422072896
2024-10-31,AMD,0.045835541375192954,-0.013951551329214884
2024-10-31,ANET,0.03751757030242663,0.06122554600972996
2024-10-31,ASML,0.04552935896607943,0.05786930339751706
2024-10-31,AVGO,0.03801262201782061,-0.019202450374035562
2024-10-31,CIEN,0.03264114377931904,0.09463076680837657
2024-10-31,COHR,0.016247317097051864,0.1209433145824319
2024-10-31,DELL,0.05705935512605268,0.017875920084122088
2024-10-31,INTC,0.04285426859063762,0.11198884758364303
2024-10-31,KLAC,0.05052322786987504,-0.00030019662879199327
2024-10-31,LITE,0.020981048859438696,0.3522780648191641
2024-10-31,LRCX,0.056412204214433326,0.0559515803631474
2024-10-31,MCHP,0.04458445266301896,-0.04170641951751397
2024-10-31,MRVL,0.05168018686714694,0.20908750468106363
2024-10-31,MU,0.04581730928045146,-0.011038635223281523
2024-10-31,NVDA,0.04963097054501106,0.044215125037661895
2024-10-31,NXPI,0.05475693799003166,-0.003795309168443395
2024-10-31,QCOM,0.051315210040035156,0.0015973459482705454
2024-10-31,SMCI,0.08379818535109138,0.44280316042597057
2024-10-31,TSM,0.05757440162561708,0.020258213498478117
2024-10-31,TXN,0.053233630910980004,-0.006792675723567565
2024-10-31,VRT,0.040983969889900315,0.1625034312379905
2024-11-29,ADI,0.03131352791886059,-0.025636321944508156
2024-11-29,AMAT,0.008486955719528587,-0.06914315150821371
2024-11-29,AMD,-0.006616955941131077,-0.11947805802595135
2024-11-29,ANET,0.054326739272080066,0.08944852397614711
2024-11-29,ASML,-0.007572338196758066,0.009423107732191571
2024-11-29,AVGO,0.01663055747842663,0.43040473840078963
2024-11-29,CIEN,0.05574889113890172,0.2164371772805509
2024-11-29,COHR,0.06713012426424371,-0.05421325878594241
2024-11-29,DELL,0.056586159661609584,-0.0967944196253625
2024-11-29,INTC,0.05875009376327392,-0.16632016632016633
2024-11-29,KLAC,-0.012293290033686607,-0.02613480055020634
2024-11-29,LITE,0.09607956715139665,-0.03472461768425894
2024-11-29,LRCX,0.020033965868483657,-0.0223335138061721
2024-11-29,MCHP,0.007778976541927805,-0.15872084494645744
2024-11-29,MRVL,0.07176425893990848,0.19160643003560263
2024-11-29,MU,0.03131208044081727,-0.1407861153649822
2024-11-29,NVDA,0.05250904854435756,-0.0286437613019892
2024-11-29,NXPI,0.025322954027111308,-0.09382220865849944
2024-11-29,QCOM,0.02337645946711581,-0.03097205576231621
2024-11-29,SMCI,0.05992906556717403,-0.06617647058823528
2024-11-29,TSM,0.02934729119477699,0.0694790425647136
2024-11-29,TXN,0.0311417203856016,-0.06725364373476606
2024-11-29,VRT,0.08062683733277493,-0.1096394984326019
2024-12-31,ADI,0.017109096904303286,-0.03398286736326839
2024-12-31,AMAT,-0.011337488707701342,0.09942814978786219
2024-12-31,AMD,-0.016694808231753684,-0.053977978309462826
2024-12-31,ANET,0.06394272837653397,0.008775897946258882
2024-12-31,ASML,0.002199676668385185,0.05479886881745233
2024-12-31,AVGO,0.1316073519586483,-0.06086093857832997
2024-12-31,CIEN,0.09407714043738127,0.003655229336163135
2024-12-31,COHR,0.04257875367093068,-0.07632217882402625
2024-12-31,DELL,-0.0033393699468038385,-0.13146476917736893
2024-12-31,INTC,-0.0045123940574178165,-0.033416458852867925
2024-12-31,KLAC,-0.011106690866103601,0.17471275312638856
2024-12-31,LITE,0.04850549954663508,0.004288266825491327
2024-12-31,LRCX,0.02882649297722576,0.110203516544372
2024-12-31,MCHP,-0.0064886659959027745,-0.08875326939843076
2024-12-31,MRVL,0.12386036994912905,0.028157537347215822
2024-12-31,MU,0.06611375127171773,0.06844106463878341
2024-12-31,NVDA,0.024892591913259522,-0.13128304415816516
2024-12-31,NXPI,0.0016026428356089722,-0.015010825114265103
2024-12-31,QCOM,0.016750486518370303,0.10818903788569201
2024-12-31,SMCI,0.0722944426260484,-0.11909448818897639
2024-12-31,TSM,0.059019416741137365,0.011696794774418873
2024-12-31,TXN,-0.006396036882967859,-0.03503813129966393
2024-12-31,VRT,0.009917046409789014,-0.008890062494498752
2025-01-31,ADI,0.0214680142405527,0.0674406531690972
2025-01-31,AMAT,0.021848989766464245,-0.15237039090657045
2025-01-31,AMD,-0.010871391501876916,-0.1310909874946098
2025-01-31,ANET,0.0377001696781485,-0.2578321617634297
2025-01-31,ASML,0.020415945510450464,-0.04205272483802458
2025-01-31,AVGO,0.06257132563059473,-0.15270935960591137
2025-01-31,CIEN,0.039782549948518334,-0.14723433555198528
2025-01-31,COHR,0.022116068350130327,-0.2311857663830258
2025-01-31,DELL,-0.00012613045923740712,-0.09198841698841698
2025-01-31,INTC,-0.02167939571948637,0.09778692743180639
2025-01-31,KLAC,0.024709721293823088,-0.05315344603381
2025-01-31,LITE,0.04447625212240941,-0.23477545262167876
2025-01-31,LRCX,0.01927477318089523,-0.05687847008019742
2025-01-31,MCHP,-0.021527367174677715,0.07071823204419903
2025-01-31,MRVL,0.053249879933124473,-0.21734892787524362
2025-01-31,MU,0.015672097330482596,-0.0004384042086803541
2025-01-31,NVDA,0.03444367002076069,-0.033980178229366165
2025-01-31,NXPI,0.00549337688699221,0.012514984416207131
2025-01-31,QCOM,0.01927437121605806,-0.10680622217082059
2025-01-31,SMCI,0.03233204499663488,0.37237026647966354
2025-01-31,TSM,0.03444701109821043,-0.14007261609019683
2025-01-31,TXN,-0.005090619774630767,0.05541411624505699
2025-01-31,VRT,0.024955075851877784,-0.2617501281832165
2025-02-28,ADI,0.007715809271482325,-0.12340259062853176
2025-02-28,AMAT,0.020262712387228002,-0.0819257291073574
2025-02-28,AMD,0.022493521092251636,0.02884037652713789
2025-02-28,ANET,-0.016236046561372862,-0.16732939279957004
2025-02-28,ASML,0.017277322649513364,-0.0655074180628421
2025-02-28,AVGO,0.013306909312062527,-0.1604573033144462
2025-02-28,CIEN,-0.002389719674828721,-0.24054291818524565
2025-02-28,COHR,0.0009089273818715937,-0.1363213193243783
2025-02-28,DELL,0.031102777632268163,-0.11298170494355775
2025-02-28,INTC,0.030002107526491628,-0.04298356510745893
2025-02-28,KLAC,0.04307593468075675,-0.04096834264432048
2025-02-28,LITE,-0.013144145655268776,-0.11360727996587505
2025-02-28,LRCX,0.020639578221334887,-0.05264529580401345
2025-02-28,MCHP,0.013623142330897425,-0.17753992524634732
2025-02-28,MRVL,-0.019348696496553925,-0.3294489218035286
2025-02-28,MU,0.014312505724207027,-0.07198547474100181
2025-02-28,NVDA,0.017353281694405545,-0.1324047390329811
2025-02-28,NXPI,0.01842683306986162,-0.11841922167076391
2025-02-28,QCOM,0.027891336325092903,-0.022650633072469173
2025-02-28,SMCI,0.01852224790635757,-0.1741437530149541
2025-02-28,TSM,-0.0049054534166902905,-0.08048523791059659
2025-02-28,TXN,0.025700306280199176,-0.08311648553497641
2025-02-28,VRT,-0.021744187738311084,-0.2413575706630241
2025-03-31,ADI,-0.008711136224138563,-0.03347052114841076
2025-03-31,AMAT,-0.018640909869759685,0.038519845644983564
2025-03-31,AMD,0.020657642723409197,-0.05246252676659535
2025-03-31,ANET,-0.006751176964682763,0.06182240578213727
2025-03-31,ASML,-0.0032299518399427846,0.008224801171091034
2025-03-31,AVGO,0.012486497765622821,0.14955503792629754
2025-03-31,CIEN,0.004735153742942775,0.11136852556677135
2025-03-31,COHR,-0.011804623356082802,-0.00954727440714509
2025-03-31,DELL,0.00043812737953965054,0.006692265496434535
2025-03-31,INTC,0.05209550467074892,-0.11492734478203437
2025-03-31,KLAC,0.0077756013929424,0.03367166813768785
2025-03-31,LITE,0.009731349860349257,-0.052935514918190596
2025-03-31,LRCX,-0.04118924015054303,-0.0141678129298487
2025-03-31,MCHP,0.02965506871041217,-0.04813055153893819
2025-03-31,MRVL,0.03387421830724187,-0.05197336365112881
2025-03-31,MU,-0.039941879761897905,-0.11439751409828514
2025-03-31,NVDA,-0.008401225011528887,0.004982469090238029
2025-03-31,NXPI,0.0001696642233040167,-0.0302536041250131
2025-03-31,QCOM,-0.03177778477137912,-0.03352646312089058
2025-03-31,SMCI,0.0917832323008485,-0.06950934579439261
2025-03-31,TSM,-0.026938414655681264,0.004156626506023997
2025-03-31,TXN,0.006863419780365944,-0.10934891485809672
2025-03-31,VRT,0.022756674293595715,0.1825484764542935
2025-04-30,ADI,-0.02927006534247361,0.09778370613585063
2025-04-30,AMAT,0.009539673835505013,0.040076969013336905
2025-04-30,AMD,0.04228264367100943,0.13744221879815122
2025-04-30,ANET,0.008671759880253172,0.053117782909930744
2025-04-30,ASML,0.0019878938638611277,0.10281702790085001
2025-04-30,AVGO,0.011680172266136242,0.25770249909076726
2025-04-30,CIEN,-0.016018933298460325,0.19207861822513417
2025-04-30,COHR,-0.03744671183661162,0.1758395522388061
2025-04-30,DELL,0.019120031154661966,0.2126198779424584
2025-04-30,INTC,-0.057841901424254355,-0.027363184079602032
2025-04-30,KLAC,0.014892359494290285,0.07711793251647237
2025-04-30,LITE,-0.046139781607366294,0.2242547425474255
2025-04-30,LRCX,-0.003921670809874283,0.12724989535370446
2025-04-30,MCHP,-0.027550687243095874,0.25954861111111116
2025-04-30,MRVL,-0.015521717265262377,0.03118040089086871
2025-04-30,MU,-0.014536418891489508,0.2275503573749187
2025-04-30,NVDA,-0.024359921637368713,0.2406353286816012
2025-04-30,NXPI,-0.017817702686573095,0.03700287559003845
2025-04-30,QCOM,0.024783555737339792,-0.021958776774889
2025-04-30,SMCI,-0.16284057283060108,0.2561205273069682
2025-04-30,TSM,0.022334531417860543,0.15975763393124964
2025-04-30,TXN,-0.027399367822569375,0.1424554826616682
2025-04-30,VRT,0.05259116934161375,0.2641133754977747
2025-05-30,ADI,0.009092883012698547,0.12459108327881108
2025-05-30,AMAT,-0.011725670532274315,0.17231259968102064
2025-05-30,AMD,0.0033219031095316222,0.22920617718775405
2025-05-30,ANET,0.0446412489142247,0.1416204986149585
2025-05-30,ASML,-0.017922321652317424,0.0728857038153019
2025-05-30,AVGO,-0.016620440722246447,0.09365059693477096
2025-05-30,CIEN,0.04098330169918552,0.0006245316012989388
2025-05-30,COHR,0.04936835427598188,0.1455771519238398
2025-05-30,DELL,0.018306695323577624,0.09400557203199433
2025-05-30,INTC,-0.06535945104718686,0.1687979539641944
2025-05-30,KLAC,-0.030644811712821293,0.18757266673713135
2025-05-30,LITE,0.012425302486408798,0.26577199778638616
2025-05-30,LRCX,-0.0020748698860712325,0.1982918678054213
2025-05-30,MCHP,0.01796685853598543,0.2350103376981394
2025-05-30,MRVL,0.06674219013587632,0.2666555906296726
2025-05-30,MU,-0.00875960537545661,0.2798009739572307
2025-05-30,NVDA,-0.03697807597175454,0.13446310959816477
2025-05-30,NXPI,0.007788153832226989,0.15737979385758383
2025-05-30,QCOM,-0.011201881633419014,0.09779614325068886
2025-05-30,SMCI,-0.1230528759516994,0.17941029485257376
2025-05-30,TSM,0.009642757766018445,0.16221808400579363
2025-05-30,TXN,-0.02823186099624261,0.15094339622641506
2025-05-30,VRT,0.06470276808763692,0.13536551468544422
2025-06-30,ADI,0.05204925925064976,-0.029031173850936898
2025-06-30,AMAT,0.006023580677298772,0.034522313869011834
2025-06-30,AMD,-0.04513257286551025,0.265045806906272
2025-06-30,ANET,-0.018107537983212303,0.19333398494770804
2025-06-30,ASML,0.009329680718380008,-0.09975168145347446
2025-06-30,AVGO,0.038558951410061125,0.0978414656267006
2025-06-30,CIEN,-0.026720451316987182,0.14287470797983537
2025-06-30,COHR,0.016612770354506486,0.20199529200762267
2025-06-30,DELL,0.03571470156232851,0.08923327895595423
2025-06-30,INTC,-0.05236439344545582,-0.09196428571428561
2025-06-30,KLAC,0.011635287567105662,0.03265456494071928
2025-06-30,LITE,0.028146892375211018,0.1555859457184936
2025-06-30,LRCX,0.020363990558738936,0.017978220669817135
2025-06-30,MCHP,0.057009241276791404,-0.0011368480886740917
2025-06-30,MRVL,-0.06969248480393248,0.05607235142118849
2025-06-30,MU,0.005956583380078285,-0.06904665314401626
2025-06-30,NVDA,0.02414157678057947,0.13469206911829867
2025-06-30,NXPI,0.034459542719026265,0.01121332784109108
2025-06-30,QCOM,0.050984121121967145,-0.0012558081125203513
2025-06-30,SMCI,-0.13521743982595524,0.23872679045092848
2025-06-30,TSM,0.02176768960057701,0.07249768201686613
2025-06-30,TXN,0.04782353046462654,-0.08717849918119636
2025-06-30,VRT,0.06568585922157238,0.12273187446460554
2025-07-31,ADI,0.0462741481106069,0.11877309353158538
2025-07-31,AMAT,0.03937575549922419,-0.10718649339109187
2025-07-31,AMD,0.018618234845718284,-0.07759060745278212
2025-07-31,ANET,0.024865504062025354,0.10818049018016573
2025-07-31,ASML,0.008948537367222807,0.06896402815563318
2025-07-31,AVGO,0.03754868179771629,0.012563840653728287
2025-07-31,CIEN,0.012032528586535855,0.012171477811288245
2025-07-31,COHR,0.028957470388870355,-0.1592007434944238
2025-07-31,DELL,0.021604074124944132,-0.07943326550606666
2025-07-31,INTC,0.006308830264780109,0.2297979797979799
2025-07-31,KLAC,0.04535502690898563,-0.00799745173657318
2025-07-31,LITE,0.03715107293970929,0.20648619186046524
2025-07-31,LRCX,0.04786023900570871,0.05598903416280043
2025-07-31,MCHP,0.03767868136467278,-0.03831927799970414
2025-07-31,MRVL,0.03646053573558082,-0.2177429389075527
2025-07-31,MU,0.026890577219515002,0.09043430456294677
2025-07-31,NVDA,0.047799210127522536,-0.020745488277955748
2025-07-31,NXPI,0.044733728520514084,0.09861065631285948
2025-07-31,QCOM,0.02784762985197971,0.09518942491142002
2025-07-31,SMCI,-0.011459618256961276,-0.2955740206884857
2025-07-31,TSM,0.050947788203061374,-0.04449135005380345
2025-07-31,TXN,0.0015329482512803777,0.11830332486468564
2025-07-31,VRT,0.0012520955545335596,-0.12396978021978022
2025-08-29,ADI,0.0177739505829735,-0.022323027336755508
2025-08-29,AMAT,0.011151132840584548,0.2735755162975866
2025-08-29,AMD,0.06562021746778468,-0.005165098690278591
2025-08-29,ANET,0.0567069498065545,0.0670816550714024
2025-08-29,ASML,0.029780851873467157,0.30361423069672244
2025-08-29,AVGO,0.028887397056895928,0.10935135680419661
2025-08-29,CIEN,0.036714531584861064,0.5501755879536021
2025-08-29,COHR,0.002718994220077625,0.19067094064330714
2025-08-29,DELL,0.04123488327970451,0.16062218583708554
2025-08-29,INTC,0.021294127225816275,0.3778234086242298
2025-08-29,KLAC,0.014682527944922284,0.2369266055045871
2025-08-29,LITE,0.004593416081655428,0.22513364957458037
2025-08-29,LRCX,0.019308136087735753,0.33699450823764354
2025-08-29,MCHP,0.028931633739008946,-0.01200000000000001
2025-08-29,MRVL,0.06371750082542153,0.33720375377763623
2025-08-29,MU,-0.0010819337262172775,0.405932274598773
2025-08-29,NVDA,0.041613393817731346,0.07119072224135947
2025-08-29,NXPI,0.02364670553399947,-0.03031722375984669
2025-08-29,QCOM,0.032849888517671934,0.03502768618179575
2025-08-29,SMCI,0.03621562161497657,0.1540683678382282
2025-08-29,TSM,0.030962473519110696,0.2097284185905488
2025-08-29,TXN,0.028036420154961373,-0.092601738443303
2025-08-29,VRT,0.025577843236928525,0.18275186201489624
2025-09-30,ADI,0.07201049032922444,-0.04338624338624342
2025-09-30,AMAT,0.032881336384365356,0.15146038878577706
2025-09-30,AMD,0.023293056713078634,0.633784535508993
2025-09-30,ANET,0.03256195726101277,0.1120032942145357
2025-09-30,ASML,0.0449463093091892,0.10613682612153807
2025-09-30,AVGO,0.026573925910820084,0.16995544239338
2025-09-30,CIEN,0.015438496099690398,0.29930665202169315
2025-09-30,COHR,0.009873251889197347,0.2816561455625697
2025-09-30,DELL,0.005789135233781061,0.15398180150948715
2025-09-30,INTC,-0.021591096501587533,0.2321907600596127
2025-09-30,KLAC,0.03143179953643077,0.1452623771555721
2025-09-30,LITE,0.04859388216471425,0.3169442566529408
2025-09-30,LRCX,0.012852623598676102,0.19992531740104535
2025-09-30,MCHP,0.043591793821844346,-0.026160074743070694
2025-09-30,MRVL,-0.0018305175952795134,0.07232068514333312
2025-09-30,MU,0.030076701311202818,0.3544704757351185
2025-09-30,NVDA,0.015719187823906283,0.10965805552577979
2025-09-30,NXPI,0.06252639318529643,-0.10108461774908872
2025-09-30,QCOM,0.07061918159892072,0.07399615292137507
2025-09-30,SMCI,0.023206296671513454,0.09908218606591568
2025-09-30,TSM,0.024782730833739407,0.09237709907264824
2025-09-30,TXN,0.0630066019954311,-0.1277417950253089
2025-09-30,VRT,-0.015533282705354902,0.3208935436828848
2025-10-31,ADI,0.06877121371897808,0.16589074445820717
2025-10-31,AMAT,0.05717518017808787,0.13826683826683817
2025-10-31,AMD,0.019127317615214287,-0.15961268155552077
2025-10-31,ANET,0.02375534714214904,-0.1932272179592872
2025-10-31,ASML,0.051102841576475,0.046779264182472025
2025-10-31,AVGO,0.0333416315041918,0.03230257284311344
2025-10-31,CIEN,0.03546898163044531,0.06623841617523185
2025-10-31,COHR,0.041040421949349655,0.24954531676265512
2025-10-31,DELL,0.033179783317675994,-0.160854268255046
2025-10-31,INTC,0.0541877910275429,0.0870217554388597
2025-10-31,KLAC,0.03796494363890009,-0.015619570792726245
2025-10-31,LITE,0.00020391104904440155,0.502331811867434
2025-10-31,LRCX,0.03221834736814267,0.004636098056649329
2025-10-31,MCHP,0.08034805044571496,-0.09147709067606535
2025-10-31,MRVL,0.05263697024692929,-0.009067633880947223
2025-10-31,MU,0.025843683355755778,0.07025070384770071
2025-10-31,NVDA,0.022460278820407048,-0.10385698059163417
2025-10-31,NXPI,0.0789090630703036,0.02979150726855395
2025-10-31,QCOM,0.044390211068354765,-0.05638474295190721
2025-10-31,SMCI,0.0653269345838365,-0.36643571978444955
2025-10-31,TSM,0.044513889989488374,-0.027760210365143423
2025-10-31,TXN,0.10418352774791992,0.08547008547008539
2025-10-31,VRT,0.02726480040238061,-0.06196204500674074
2025-11-28,ADI,0.0252772062631325,0.03572774553403191
2025-11-28,AMAT,0.04409976342047534,0.03060455896927672
2025-11-28,AMD,0.05715860314235936,-0.010067576885946727
2025-11-28,ANET,0.044338467397954426,0.013468013468013407
2025-11-28,ASML,0.04023257714999037,0.011452830188679375
2025-11-28,AVGO,0.02221530317784044,-0.13179968235060546
2025-11-28,CIEN,0.03952578386793658,0.1672298124479703
2025-11-28,COHR,0.039184397913821764,0.13728235723852444
2025-11-28,DELL,0.05228459097323642,-0.04071991001124853
2025-11-28,INTC,0.05112862394233711,-0.08037475345167666
2025-11-28,KLAC,0.037802643687474755,0.05800233098250063
2025-11-28,LITE,0.03182681509921111,0.14153032353302986
2025-11-28,LRCX,0.047943399133856805,0.11397435897435892
2025-11-28,MCHP,0.05696391527790836,0.20716685330347162
2025-11-28,MRVL,0.05116318494259877,-0.029530201342281903
2025-11-28,MU,0.058495853455713745,0.23744079837618415
2025-11-28,NVDA,0.035596090649008254,0.05954802259887004
2025-11-28,NXPI,0.04066977208565671,0.12844977941930846
2025-11-28,QCOM,0.037357192439576054,0.03307751799631142
2025-11-28,SMCI,0.08090028196378711,-0.12407680945347133
2025-11-28,TSM,0.030057966821002206,0.027683441391376018
2025-11-28,TXN,0.036524092529648715,0.04249123432578572
2025-11-28,VRT,0.05132747174713169,-0.08562844266399594
2025-12-31,ADI,0.036234640532246384,0.16836283185840717
2025-12-31,AMAT,0.039941401639815056,0.2778707342698159
2025-12-31,AMD,0.03794457973469207,0.14993462831527826
2025-12-31,ANET,0.047199577173050115,0.056017705868885104
2025-12-31,ASML,0.03676575341659631,0.34726973622717017
2025-12-31,AVGO,0.054449358768284786,-0.043311181739381754
2025-12-31,CIEN,0.04203210634408998,0.1480309573694787
2025-12-31,COHR,0.06062668733856549,0.20517960665330226
2025-12-31,DELL,0.056946489084915786,-0.05338417540514773
2025-12-31,INTC,0.04334522942135302,0.32276422764227664
2025-12-31,KLAC,0.03804297801062115,0.16078776706060527
2025-12-31,LITE,0.09606420558372611,0.14875607043055972
2025-12-31,LRCX,0.036743830196407035,0.38742843790162396
2025-12-31,MCHP,0.061398478311678356,0.2253609541745134
2025-12-31,MRVL,0.05741097692451807,-0.07437044010355387
2025-12-31,MU,0.05502872395800826,0.533933639325882
2025-12-31,NVDA,0.038701182556233914,-0.00477211796246646
2025-12-31,NXPI,0.04374707949879709,0.06459043582419621
2025-12-31,QCOM,0.03481682240030117,-0.10774627301958495
2025-12-31,SMCI,0.08902442355692378,0.015032456440041031
2025-12-31,TSM,0.029838259454116906,0.12330119451117194
2025-12-31,TXN,0.04654492288618153,0.29696236094299366
2025-12-31,VRT,0.055234913176997046,0.17282883772606628
2026-01-30,ADI,0.0488751466174993,0.0904207411219764
2026-01-30,AMAT,0.05312035145477077,0.08997269793993556
2026-01-30,AMD,0.04377854867294746,-0.1933848688379166
2026-01-30,ANET,0.059648285603606944,-0.12092563849301552
2026-01-30,ASML,0.049694335105908316,-0.043612087139845324
2026-01-30,AVGO,0.04375688531518798,-0.05270147902203448
2026-01-30,CIEN,0.0661342861504417,0.322703625749573
2026-01-30,COHR,0.08028636183901368,0.32345178621924786
2026-01-30,DELL,0.045433396009617336,0.26861237329605037
2026-01-30,INTC,0.06953830589345576,-0.0725199053152571
2026-01-30,KLAC,0.05958001667294148,0.009391150888692579
2026-01-30,LITE,0.10933088802196958,0.7722284605961618
2026-01-30,LRCX,0.0624095001027908,-0.06934806819155315
2026-01-30,MCHP,0.06217680707650443,-0.059668071654373045
2026-01-30,MRVL,0.045580665222017036,-0.017866193613786052
2026-01-30,MU,0.0794189015488253,-0.08484381025838794
2026-01-30,NVDA,0.037469543040069386,-0.05797101449275355
2026-01-30,NXPI,0.04871515544121042,-0.04815600955160515
2026-01-30,QCOM,0.03675059290541939,-0.08879213668447794
2026-01-30,SMCI,0.05330265802797102,0.053933356234970864
2026-01-30,TSM,0.03726290270052291,0.06827807357212001
2026-01-30,TXN,0.0691535739632792,-0.059754117374159255
2026-01-30,VRT,0.04967978373949767,0.31292297776345457
2026-02-27,ADI,0.040597433123371794,-0.14809297619382222
2026-02-27,AMAT,0.08973776955834392,-0.13209777061509542
2026-02-27,AMD,0.10031840683269677,-0.020828130463013905
2026-02-27,ANET,0.06451216387628689,-0.13011235955056188
2026-02-27,ASML,0.06192493820697269,-0.13553386278402813
2026-02-27,AVGO,0.017773428159593624,-0.081802534814583
2026-02-27,CIEN,0.09254140225975421,0.04674505305420129
2026-02-27,COHR,0.10714035012808615,-0.15170123199320285
2026-02-27,DELL,0.10724695961041701,0.11196650459211233
2026-02-27,INTC,0.06303067243452941,-0.0969085726814295
2026-02-27,KLAC,0.1074281463582533,-0.09312256075563285
2026-02-27,LITE,0.10336017632120231,-0.06580017405943706
2026-02-27,LRCX,0.10168373808039541,-0.14519645987429985
2026-02-27,MCHP,0.062440551823742516,-0.19533762057877813
2026-02-27,MRVL,0.03002199687834052,0.07491737054719061
2026-02-27,MU,0.1288320572228312,-0.2196328539903485
2026-02-27,NVDA,0.04691924066834697,-0.06783678537163507
2026-02-27,NXPI,0.04741732356028372,-0.17452975639839652
2026-02-27,QCOM,0.022689637959379984,-0.107403765102557
2026-02-27,SMCI,0.09180300576105246,-0.349799320778018
2026-02-27,TSM,0.05432349512721156,-0.1550536600993112
2026-02-27,TXN,0.041618934694375075,-0.12111640186695594
2026-02-27,VRT,0.12454933282916086,-0.08109380517085796
2026-03-31,ADI,0.0733893205487755,0.2644118941346578
2026-03-31,AMAT,0.08650744332256262,0.15418824424354138
2026-03-31,AMD,0.048464426804088016,0.7425650100771763
2026-03-31,ANET,0.06308871795351625,0.40666232285388504
2026-03-31,ASML,0.07039439350284653,0.08945890084265207
2026-03-31,AVGO,0.04990063378970221,0.34868017188459177
2026-03-31,CIEN,0.13920660816222008,0.35893671277335604
2026-03-31,COHR,0.1514982545693824,0.34213509088619265
2026-03-31,DELL,0.06824239752297484,0.2730762200694572
2026-03-31,INTC,0.07910917378842751,1.1409472014502606
2026-03-31,KLAC,0.06827578072361268,0.18876535747515955
2026-03-31,LITE,0.22042701937853193,0.28396607661221474
2026-03-31,LRCX,0.08138648097870835,0.20687072919591887
2026-03-31,MCHP,0.07248522590860657,0.4380126915338183
2026-03-31,MRVL,0.080134159385237,0.6673397274103989
2026-03-31,MU,0.09511141944977768,0.5307838029836609
2026-03-31,NVDA,0.050592437545751316,0.14432339449541276
2026-03-31,NXPI,0.05656327489985074,0.4913644214162347
2026-03-31,QCOM,0.029828210683559633,0.3944711911787546
2026-03-31,SMCI,0.18229577852906495,0.20333772507685555
2026-03-31,TSM,0.06914618133047519,0.1719485130936529
2026-03-31,TXN,0.05842342214409364,0.44782115998763783
2026-03-31,VRT,0.11373592783304834,0.31091866868864226
2026-04-30,ADI,0.048502644619186755,0.0010689603738875952
2026-04-30,AMAT,0.06558527532179671,0.161423610230931
2026-04-30,AMD,0.08551097015992357,0.4390532878219413
2026-04-30,ANET,0.048120207199538134,-0.011753806959643343
2026-04-30,ASML,0.0526688761784688,0.1317451823848672
2026-04-30,AVGO,0.044577020577788576,0.10190930215844585
2026-04-30,CIEN,0.14282023896125043,0.07966564312521318
2026-04-30,COHR,0.10851337791199878,0.13509117637859314
2026-04-30,DELL,0.10593546908342895,1.2300071787508973
2026-04-30,INTC,0.17130313353739351,0.15717612193056718
2026-04-30,KLAC,0.07423220925334818,0.10837261119204733
2026-04-30,LITE,0.1869535318284477,0.0029701214646689067
2026-04-30,LRCX,0.062203615969141056,0.22981462809276354
2026-04-30,MCHP,0.048562579171046005,-0.014960714670110842
2026-04-30,MRVL,0.10594059563738951,0.3286709052376626
2026-04-30,MU,0.07425951703814972,1.0022816923195919
2026-04-30,NVDA,0.032660690314695706,0.12421706669339083
2026-04-30,NXPI,0.12250624992560767,0.06059470690418611
2026-04-30,QCOM,0.08031293218456795,0.27514199799532246
2026-04-30,SMCI,0.07473077393107216,0.7109489051094893
2026-04-30,TSM,0.044459954010416365,0.09990910468110892
2026-04-30,TXN,0.08601591504800994,0.043119396613063854
2026-04-30,VRT,0.098660788765518,-0.01552558677585325
